{"accuracy": [0.874101996421814, 0.9228394627571106, 0.9421296119689941, 0.9570382237434387, 0.9661284685134888, 0.971463143825531, 0.9770111441612244, 0.9798136353492737, 0.9811224341392517, 0.9836119413375854], "loss": [0.4006468653678894, 0.24173560738563538, 0.1767980307340622, 0.12968982756137848, 0.10342396050691605, 0.08623121678829193, 0.06897687911987305, 0.06253507733345032, 0.0581248514354229, 0.050323184579610825], "val_accuracy": [0.919360339641571, 0.9313111901283264, 0.9460505247116089, 0.9554973840713501, 0.9649442434310913, 0.9473594427108765, 0.959936261177063, 0.9552697539329529, 0.948668360710144, 0.9734236001968384], "val_loss": [0.25253555178642273, 0.21075183153152466, 0.1675591766834259, 0.14264239370822906, 0.11018349975347519, 0.17526590824127197, 0.13365770876407623, 0.14580444991588593, 0.1734234094619751, 0.0958690494298935]}